{
    "document": {
        "type": "APL",
        "version": "1.0",
        "theme": "dark",
        "import": [
            {
                "name": "alexa-layouts",
                "version": "1.0.0"
            }
        ],
        "resources": [
            {
                "description": "All page resources",
                "strings": {
                    "pagesBackground": "https://s3.amazonaws.com/aws-apl-contest/recyclingcenter/Image_Dark_Green.png",
                    "pagesLogo": "https://s3.amazonaws.com/aws-sumerian-ar/APL/recycling_center_launcher_logo.png",
                    "pagesHint": "recycling labels information"
                }
            },
            {
                "description": "PageMain resources",
                "strings": {
                    "pageMainTitle": "Recycling Labels",
                    "pageMainImage": "https://s3.amazonaws.com/aws-apl-contest/recyclingcenter/recyclinglabels/Recycling_Label_Main.png"
                }
            },
            {
                "description": "Page1 resources",
                "strings": {
                    "page1Title": "Preparing Material for Recycling",
                    "page1Image": "https://s3.amazonaws.com/aws-apl-contest/recyclingcenter/recyclinglabels/Label_Page1.png"
                }
            },
            {
                "description": "Page2 resources",
                "strings": {
                    "page2Title": "How To Recycle",
                    "page2Image": "https://s3.amazonaws.com/aws-apl-contest/recyclingcenter/recyclinglabels/Label_Page2.png"
                }
            },
            {
                "description": "Page3 resources",
                "strings": {
                    "page3Title": "Type of Recyclable Material",
                    "page3Image": "https://s3.amazonaws.com/aws-apl-contest/recyclingcenter/recyclinglabels/Label_Page3.png"
                }
            },
            {
                "description": "Page4 resources",
                "strings": {
                    "page4Title": "Lists Recyclable Parts of Packaging",
                    "page4Image": "https://s3.amazonaws.com/aws-apl-contest/recyclingcenter/recyclinglabels/Label_Page4.png"
                }
            },
            {
                "description": "Stock color for the light theme",
                "colors": {
                    "colorTextPrimary": "#151920"
                }
            },
            {
                "description": "Stock color for the dark theme",
                "when": "${viewport.theme == 'dark'}",
                "colors": {
                    "colorTextPrimary": "#f0f1ef"
                }
            },
            {
                "description": "Standard font sizes",
                "dimensions": {
                    "textSizeBody": 48,
                    "textSizePrimary": 27,
                    "textSizeSecondary": 23,
                    "textSizeSecondaryHint": 25
                }
            },
            {
                "description": "Common spacing values",
                "dimensions": {
                    "spacingThin": 6,
                    "spacingSmall": 12,
                    "spacingMedium": 24,
                    "spacingLarge": 48,
                    "spacingExtraLarge": 72
                }
            },
            {
                "description": "Common margins and padding",
                "dimensions": {
                    "marginTop": 40,
                    "marginLeft": 60,
                    "marginRight": 60,
                    "marginBottom": 40
                }
            }
        ],
        "styles": {
            "textStyleBase": {
                "description": "Base font description; set color and core font family",
                "values": [
                    {
                        "color": "@colorTextPrimary",
                        "fontFamily": "Amazon Ember"
                    }
                ]
            },
            "textStyleBase0": {
                "description": "Thin version of basic font",
                "extend": "textStyleBase",
                "values": {
                    "fontWeight": "100"
                }
            },
            "textStyleBase1": {
                "description": "Light version of basic font",
                "extend": "textStyleBase",
                "values": {
                    "fontWeight": "300"
                }
            },
            "mixinBody": {
                "values": {
                    "fontSize": "@textSizeBody"
                }
            },
            "mixinPrimary": {
                "values": {
                    "fontSize": "@textSizePrimary"
                }
            },
            "mixinSecondary": {
                "values": {
                    "fontSize": "@textSizeSecondary"
                }
            },
            "textStylePrimary": {
                "extend": [
                    "textStyleBase1",
                    "mixinPrimary"
                ]
            },
            "textStyleSecondary": {
                "extend": [
                    "textStyleBase0",
                    "mixinSecondary"
                ]
            },
            "textStyleBody": {
                "extend": [
                    "textStyleBase1",
                    "mixinBody"
                ]
            },
            "textStyleSecondaryHint": {
                "values": {
                    "fontFamily": "Bookerly",
                    "fontStyle": "italic",
                    "fontSize": "@textSizeSecondaryHint",
                    "color": "@colorTextPrimary"
                }
            }
        },
        "layouts": {
            "PageMain": {
                "parameters": [
                    {
                        "name": "hint",
                        "type": "string"
                    }
                ],
                "items": [
                    {
                        "when": "${viewport.shape == 'round'}",
                        "type": "Container",
                        "direction": "column",
                        "width": "100vw",
                        "height": "100vh",
                        "items": [
                            {
                                "type": "Image",
                                "source": "@pagesBackground",
                                "scale": "best-fill",
                                "width": "100vw",
                                "height": "100vh",
                                "position": "absolute"
                            },
                            {
                                "type": "AlexaHeader",
                                "headerTitle": "@pageMainTitle",
                                "headerAttributionImage": "@pagesLogo"
                            },
                            {
                                "type": "Container",
                                "width": "100vw",
                                "height": "100vh",
                                "paddingLeft": "@marginLeft",
                                "paddingRight": "@marginRight",
                                "paddingBottom": 250,
                                "alignItems": "center",
                                "justifyContent": "center",
                                "items": [
                                    {
                                        "type": "Image",
                                        "source": "@pageMainImage",
                                        "scale": "best-fit",
                                        "width": "80vw",
                                        "height": "80vh",
                                        "align": "center"
                                    }
                                ]
                            }
                        ]
                    },
                    {
                        "type": "Container",
                        "width": "100vw",
                        "height": "100vh",
                        "items": [
                            {
                                "type": "Image",
                                "source": "@pagesBackground",
                                "scale": "best-fill",
                                "width": "100vw",
                                "height": "100vh",
                                "position": "absolute"
                            },
                            {
                                "type": "AlexaHeader",
                                "headerTitle": "@pageMainTitle",
                                "headerAttributionImage": "@pagesLogo"
                            },
                            {
                                "type": "Container",
                                "direction": "row",
                                "justifyContent": "center",
                                "items": [
                                    {
                                        "type": "Image",
                                        "width": "80vw",
                                        "height": "80vh",
                                        "source": "@pageMainImage",
                                        "scale": "best-fit",
                                        "align": "center"
                                    }
                                ]
                            }
                        ]
                    }
                ]
            },
            "Page1": {
                "parameters": [
                    {
                        "name": "hint",
                        "type": "string"
                    }
                ],
                "items": [
                    {
                        "when": "${viewport.shape == 'round'}",
                        "type": "Container",
                        "direction": "column",
                        "width": "100vw",
                        "height": "100vh",
                        "items": [
                            {
                                "type": "Image",
                                "source": "@pagesBackground",
                                "scale": "best-fill",
                                "width": "100vw",
                                "height": "100vh",
                                "position": "absolute"
                            },
                            {
                                "type": "AlexaHeader",
                                "headerTitle": "@page1Title",
                                "headerAttributionImage": "@pagesLogo"
                            },
                            {
                                "type": "Container",
                                "width": "100vw",
                                "height": "100vh",
                                "paddingLeft": "@marginLeft",
                                "paddingRight": "@marginRight",
                                "paddingBottom": 250,
                                "alignItems": "center",
                                "justifyContent": "center",
                                "items": [
                                    {
                                        "type": "Image",
                                        "source": "@page1Image",
                                        "scale": "best-fit",
                                        "width": "80vw",
                                        "height": "80vh",
                                        "align": "center"
                                    }
                                ]
                            }
                        ]
                    },
                    {
                        "type": "Container",
                        "width": "100vw",
                        "height": "100vh",
                        "items": [
                            {
                                "type": "Image",
                                "source": "@pagesBackground",
                                "scale": "best-fill",
                                "width": "100vw",
                                "height": "100vh",
                                "position": "absolute"
                            },
                            {
                                "type": "AlexaHeader",
                                "headerTitle": "@page1Title",
                                "headerAttributionImage": "@pagesLogo"
                            },
                            {
                                "type": "Container",
                                "direction": "row",
                                "justifyContent": "center",
                                "items": [
                                    {
                                        "type": "Image",
                                        "width": "80vw",
                                        "height": "80vh",
                                        "source": "@page1Image",
                                        "scale": "best-fit",
                                        "align": "center"
                                    }
                                ]
                            }
                        ]
                    }
                ]
            },
            "Page2": {
                "parameters": [
                    {
                        "name": "hint",
                        "type": "string"
                    }
                ],
                "items": [
                    {
                        "when": "${viewport.shape == 'round'}",
                        "type": "Container",
                        "direction": "column",
                        "width": "100vw",
                        "height": "100vh",
                        "items": [
                            {
                                "type": "Image",
                                "source": "@pagesBackground",
                                "scale": "best-fill",
                                "width": "100vw",
                                "height": "100vh",
                                "position": "absolute"
                            },
                            {
                                "type": "AlexaHeader",
                                "headerTitle": "@page2Title",
                                "headerAttributionImage": "@pagesLogo"
                            },
                            {
                                "type": "Container",
                                "width": "100vw",
                                "height": "100vh",
                                "paddingLeft": "@marginLeft",
                                "paddingRight": "@marginRight",
                                "paddingBottom": 250,
                                "alignItems": "center",
                                "justifyContent": "center",
                                "items": [
                                    {
                                        "type": "Image",
                                        "source": "@page2Image",
                                        "scale": "best-fit",
                                        "width": "80vw",
                                        "height": "80vh",
                                        "align": "center"
                                    }
                                ]
                            }
                        ]
                    },
                    {
                        "type": "Container",
                        "width": "100vw",
                        "height": "100vh",
                        "items": [
                            {
                                "type": "Image",
                                "source": "@pagesBackground",
                                "scale": "best-fill",
                                "width": "100vw",
                                "height": "100vh",
                                "position": "absolute"
                            },
                            {
                                "type": "AlexaHeader",
                                "headerTitle": "@page2Title",
                                "headerAttributionImage": "@pagesLogo"
                            },
                            {
                                "type": "Container",
                                "direction": "row",
                                "justifyContent": "center",
                                "items": [
                                    {
                                        "type": "Image",
                                        "width": "80vw",
                                        "height": "80vh",
                                        "source": "@page2Image",
                                        "scale": "best-fit",
                                        "align": "center"
                                    }
                                ]
                            }
                        ]
                    }
                ]
            },
            "Page3": {
                "parameters": [
                    {
                        "name": "hint",
                        "type": "string"
                    }
                ],
                "items": [
                    {
                        "when": "${viewport.shape == 'round'}",
                        "type": "Container",
                        "direction": "column",
                        "width": "100vw",
                        "height": "100vh",
                        "items": [
                            {
                                "type": "Image",
                                "source": "@pagesBackground",
                                "scale": "best-fill",
                                "width": "100vw",
                                "height": "100vh",
                                "position": "absolute"
                            },
                            {
                                "type": "AlexaHeader",
                                "headerTitle": "@page3Title",
                                "headerAttributionImage": "@pagesLogo"
                            },
                            {
                                "type": "Container",
                                "width": "100vw",
                                "height": "100vh",
                                "paddingLeft": "@marginLeft",
                                "paddingRight": "@marginRight",
                                "paddingBottom": 250,
                                "alignItems": "center",
                                "justifyContent": "center",
                                "items": [
                                    {
                                        "type": "Image",
                                        "source": "@page3Image",
                                        "scale": "best-fit",
                                        "width": "80vw",
                                        "height": "80vh",
                                        "align": "center"
                                    }
                                ]
                            }
                        ]
                    },
                    {
                        "type": "Container",
                        "width": "100vw",
                        "height": "100vh",
                        "items": [
                            {
                                "type": "Image",
                                "source": "@pagesBackground",
                                "scale": "best-fill",
                                "width": "100vw",
                                "height": "100vh",
                                "position": "absolute"
                            },
                            {
                                "type": "AlexaHeader",
                                "headerTitle": "@page3Title",
                                "headerAttributionImage": "@pagesLogo"
                            },
                            {
                                "type": "Container",
                                "direction": "row",
                                "justifyContent": "center",
                                "items": [
                                    {
                                        "type": "Image",
                                        "width": "80vw",
                                        "height": "80vh",
                                        "source": "@page3Image",
                                        "scale": "best-fit",
                                        "align": "center"
                                    }
                                ]
                            }
                        ]
                    }
                ]
            },
            "Page4": {
                "parameters": [
                    {
                        "name": "hint",
                        "type": "string"
                    }
                ],
                "items": [
                    {
                        "when": "${viewport.shape == 'round'}",
                        "type": "Container",
                        "direction": "column",
                        "width": "100vw",
                        "height": "100vh",
                        "items": [
                            {
                                "type": "Image",
                                "source": "@pagesBackground",
                                "scale": "best-fill",
                                "width": "100vw",
                                "height": "100vh",
                                "position": "absolute"
                            },
                            {
                                "type": "AlexaHeader",
                                "headerTitle": "@page4Title",
                                "headerAttributionImage": "@pagesLogo"
                            },
                            {
                                "type": "Container",
                                "width": "100vw",
                                "height": "100vh",
                                "paddingLeft": "@marginLeft",
                                "paddingRight": "@marginRight",
                                "paddingBottom": 250,
                                "alignItems": "center",
                                "justifyContent": "center",
                                "items": [
                                    {
                                        "type": "Image",
                                        "source": "@page4Image",
                                        "scale": "best-fit",
                                        "width": "80vw",
                                        "height": "80vh",
                                        "align": "center"
                                    }
                                ]
                            }
                        ]
                    },
                    {
                        "type": "Container",
                        "width": "100vw",
                        "height": "100vh",
                        "items": [
                            {
                                "type": "Image",
                                "source": "@pagesBackground",
                                "scale": "best-fill",
                                "width": "100vw",
                                "height": "100vh",
                                "position": "absolute"
                            },
                            {
                                "type": "AlexaHeader",
                                "headerTitle": "@page4Title",
                                "headerAttributionImage": "@pagesLogo"
                            },
                            {
                                "type": "Container",
                                "direction": "row",
                                "justifyContent": "center",
                                "items": [
                                    {
                                        "type": "Image",
                                        "width": "80vw",
                                        "height": "80vh",
                                        "source": "@page4Image",
                                        "scale": "best-fit",
                                        "align": "center"
                                    }
                                ]
                            }
                        ]
                    }
                ]
            },
            "MyPager": {
                "parameters": [
                    {
                        "name": "hint",
                        "type": "string"
                    }
                ],
                "items": [
                    {
                        "type": "Pager",
                        "id": "pagerComponentId",
                        "width": "100vw",
                        "height": "100vh",
                        "items": [
                            {
                                "type": "PageMain",
                                "hint": "${hint}"
                            },
                            {
                                "type": "Page1",
                                "hint": "${hint}"
                            },
                            {
                                "type": "Page2",
                                "hint": "${hint}"
                            },
                            {
                                "type": "Page3",
                                "hint": "${hint}"
                            },
                            {
                                "type": "Page4",
                                "hint": "${hint}"
                            }
                        ]
                    }
                ]
            }
        },
        "mainTemplate": {
            "parameters": [
                "payload"
            ],
            "items": [
                {
                    "type": "MyPager",
                    "navigation": "wrap",
                    "hint": "${payload.pagerTemplateData.properties.hintString}"
                }
            ]
        }
    },
    "dataSources": {
        "pagerTemplateData": {
            "type": "object",
            "properties": {
                "hintString": "find recycling center"
            },
            "transformers": [
                {
                    "inputPath": "hintString",
                    "transformer": "textToHint"
                }
            ]
        }
    }
}